,marginal_conversions_t1,marginal_spend_t1,marginal_CAC_t1,marginal_conversions_t2,marginal_spend_t2,marginal_CAC_t2,marginal_conversions_t3,marginal_spend_t3,marginal_CAC_t3
paid_search,140.9333333333336,999.9999999999999,7.095553453169333,118.13333333333398,1000.0000000000001,8.465011286681671,113.83333333333024,1000.0,8.78477306002952
email,262.1999999999998,1000.0,3.8138825324180043,199.43333333332868,1000.0,5.014206919605666,147.19999999999908,1000.0,6.793478260869608
referral,1437.0000000000025,1000.0,0.695894224077939,1092.0333333333272,1000.0,0.9157229632795143,596.0666666666416,1000.0,1.677664690750546
direct,1.5,0.0,0.0,0.7333333333333334,0.0,0.0,0.9666666666666663,0.0,0.0
display,460.8666666666633,1000.0,2.1698249674526413,286.6333333333317,1000.0,3.488777764856399,131.2666666666678,1000.0,7.618080243778503
social,519.83333333333,1000.0000000000001,1.9236934915036998,366.79999999999563,999.9999999999999,2.7262813522355827,180.70000000000084,1000.0,5.534034311012703
organic_search,1.6666666666666665,0.0,0.0,4.233333333333334,0.0,0.0,0.9666666666666668,0.0,0.0
